Property,Stage,Stage_Label,Source_File,Source_Sheet,Source_Target_Column,Common_Valid_IDs,Feature_Count,Features
HV,S0,Composition-only,/Users/zixuanzhao/Desktop/Corpus–Topic–Document/FE/Feature1.xlsx,HV,Hardness/HV,1136,7,Cu/wt.% | Al/wt.% | Cr/wt.% | Mg/wt.% | Ni/wt.% | Si/wt.% | Zr/wt.%
HV,S1,Physicochemical feature engineering,/Users/zixuanzhao/Desktop/Corpus–Topic–Document/FE/Feature/Feature2.xlsx,HV,HV,1136,17,Cu/wt.% | Al/wt.% | Cr/wt.% | Mg/wt.% | Ni/wt.% | Si/wt.% | Zr/wt.% | TAlloying | N_eff | Tmavg | Smix | HHI | δ | VECvar | VECavg | Family | χvar
HV,S2,CTD-derived CPSP knowledge,/Users/zixuanzhao/Desktop/Corpus–Topic–Document/FE/Feature/Feature3.xlsx,HV,HV,1136,24,Cu/wt.% | Al/wt.% | Cr/wt.% | Mg/wt.% | Ni/wt.% | Si/wt.% | Zr/wt.% | TAlloying | N_eff | Tmavg | Smix | HHI | δ | VECvar | VECavg | Family | χvar | Ni/Si | W{Ni+Si}/W{Cr} | Alloying | One-Hot-Processing | CR_x_ATem | ATem_x_Atime | STem-ATem
EC,S0,Composition-only,/Users/zixuanzhao/Desktop/Corpus–Topic–Document/FE/Feature1.xlsx,EC,EC/%IACS,1136,7,Cu/wt.% | Al/wt.% | Cr/wt.% | Mg/wt.% | Ni/wt.% | Si/wt.% | Zr/wt.%
EC,S1,Physicochemical feature engineering,/Users/zixuanzhao/Desktop/Corpus–Topic–Document/FE/Feature/Feature2.xlsx,EC,EC,1136,14,Cu/wt.% | Al/wt.% | Cr/wt.% | Mg/wt.% | Ni/wt.% | Si/wt.% | Zr/wt.% | Smix | N_eff | Tmavg | HHI | δ | Alloying | VECavg
EC,S2,CTD-derived CPSP knowledge,/Users/zixuanzhao/Desktop/Corpus–Topic–Document/FE/Feature/Feature3.xlsx,EC,EC,1136,22,Cu/wt.% | Al/wt.% | Cr/wt.% | Mg/wt.% | Ni/wt.% | Si/wt.% | Zr/wt.% | Smix | N_eff | Tmavg | HHI | δ | Alloying | VECavg | Ni/Si | Ni*Si | Cr+Zr | One-Hot-Processing | CR_x_ATem | ATem_x_Atime | STem-ATem | Mg/Cr
Q3,S0,Composition-only,/Users/zixuanzhao/Desktop/Corpus–Topic–Document/FE/Feature1.xlsx,Q3-Eu,Q3-Euclidean,1136,7,Cu/wt.% | Al/wt.% | Cr/wt.% | Mg/wt.% | Ni/wt.% | Si/wt.% | Zr/wt.%
Q3,S1,Physicochemical feature engineering,/Users/zixuanzhao/Desktop/Corpus–Topic–Document/FE/Feature/Feature2.xlsx,Q3-Eu,Q3-Eu,1136,18,Cu/wt.% | Al/wt.% | Cr/wt.% | Mg/wt.% | Ni/wt.% | Si/wt.% | Zr/wt.% | TAlloying | Smix | N_eff | Tmavg | HHI | VECvar | VECavg | δ | χvar | Family | χavg
Q3,S2,CTD-derived CPSP knowledge,/Users/zixuanzhao/Desktop/Corpus–Topic–Document/FE/Feature/Feature3.xlsx,Q3-Eu,Q3-Eu,1136,23,Cu/wt.% | Al/wt.% | Cr/wt.% | Mg/wt.% | Ni/wt.% | Si/wt.% | Zr/wt.% | TAlloying | Smix | N_eff | Tmavg | HHI | VECvar | VECavg | δ | χvar | Family | χavg | Mg/(Ni+Si) | One-Hot-Processing | CR_x_ATem | ATem_x_Atime | STem-ATem
